Column1,Column2,Column3
100.0,100.0,100.0
43.92,0.49517616283807053,50.129821632244514
27.942466142798033,0.3036138563300328,13.882485507857776
2.0,0.0017631971446566,15.864094643174788
18.0,0.24162739158321467,40.45896280278427
43.0,0.47224001037265717,50.54024824133083
63.25,0.745529614625352,60.30541085201463
100.0,0.999125820512378,85.29116878274894
